Scientific name,Local name,country
Syzygium germainii,Musu,Kenya
Prunus africana,Mngima,Kenya
Syzygium germainii,MUSU,Kenya
,Musu,Kenya
,Gravelia ,Kenya
,Mjohoro,Kenya
,Avocado ,Kenya
,Mpenda bure,Kenya
,Gravelia ,Kenya
,Mjohoro,Kenya
,Avocado ,Kenya
,Mpenda bure,Kenya
,Gravelia ,Kenya
,Mjohoro,Kenya
,Gravelia ,Kenya
,Mpenda bure,Kenya
,Avocado ,Kenya
,Mjohoro,Kenya
,Gravelia ,Kenya
,Avocado ,Kenya
,Mpenda bure,Kenya
,Mjohoro,Kenya
,Avocado ,Kenya
,Mpenda bure,Kenya
,Mgunga,Kenya
,Mtendabure,Kenya
,Mrismas ,Kenya
,Mjohoro,Kenya
,Ashok,Kenya
,croton,Kenya
,Passion,Kenya
,,Kenya
,,Kenya
,Mjohoro,Kenya
,Msoda,Kenya
,Avacado,Kenya
,Mkrismas,Kenya
,Wild apple,Kenya
,Mpenda bure,Kenya
,Mkrismas,Kenya
,bamboo,Kenya
,Ovacado,Kenya
,Kirumbutu,Kenya
,,Kenya
,Avocado,Kenya
,Ash oak,Kenya
,Mangoes,Kenya
,Mpenda bure,Kenya
,Passion ,Kenya
,Kayaba,Kenya
,Mjohoro,Kenya
,Grivellia,Kenya
,Bongavilla,Kenya
,mrangi,Kenya
,mlevulia,Kenya
,mpapai,Kenya
,mu embe,Kenya
,ongolua yellow ,Kenya
,mngima,Kenya
,ovacado,Kenya
,croton,Kenya
,mndemu,Kenya
,Ndido,Kenya
,mwavwa,Kenya
,mlevilia,Kenya
,mugrevlilia,Kenya
,mulungu,Kenya
,,Kenya
,muovacado,Kenya
,mkuyu,Kenya
,mmosi,Kenya
,msuruwache,Kenya
,,Kenya
,mkuyu,Kenya
,mngima,Kenya
,mnyadi,Kenya
,chamsidu,Kenya
,mnyadi,Kenya
,msumbesu,Kenya
,rosemary ,Kenya
,mzambalanga,Kenya
,mnyadi,Kenya
,mgrevulia,Kenya
,mpapai ,Kenya
,mngima ,Kenya
,mmbuchi,Kenya
,mzizi,Kenya
,mora,Kenya
,Mwindi Nguku,Kenya
,Grevillia,Kenya
,Ovacado,Kenya
,Mkongo,Kenya
,Ongolua,Kenya
,Msumbesu,Kenya
,italian syprus,Kenya
,neem tree,Kenya
,mjohoro,Kenya
,grevillia,Kenya
,Alcaria,Kenya
,mkuyu,Kenya
,traveller,Kenya
,citrus,Kenya
,mtomoko,Kenya
,bamba coffee,Kenya
,cadlenut,Kenya
,grevilia,Kenya
,Wissle Tree,Kenya
,mughunga,Kenya
,mkigara ,Kenya
,msumbesu,Kenya
,mkuu,Kenya
,mkungu ,Kenya
,Amarula,Kenya
,mshagowe,Kenya
,mkwachu,Kenya
,mkungu ,Kenya
Acacia polyacantha,Museewa,Kenya
Olea africana,,Kenya
citrus aurantifolia,"mutomo
mutimo",Kenya
Cordia africana,Muatine,Kenya
Senna seamea,muchora,Kenya
bamboo,bamboo,Kenya
Acacia tortillis,Mwaa,Kenya
delonix regea,kilisimas tree,Kenya
Acacia elatior,mwinjwa,Kenya
Acacia elatior,mwinjwa,Kenya
Acacia elatior,mwinjwa,Kenya
Croton megalocarpus,mkigara,Kenya
senna siamea,mlezeni,Kenya
delonix regia,mkirismasi,Kenya
Tamarindus indica,mkwachu,Kenya
Moringa oleifera,mrongo,Kenya
Azadirachta indica,mwarubaini,Kenya
Acacia lahai,mzwaule,Kenya
senna siamea,mlezeni,Kenya
delonix regia,mkirismasi,Kenya
Tamarindus indica,mkwachu,Kenya
Moringa oleifera,mrongo,Kenya
Azadirachta indica,mwarubaini,Kenya
Acacia lahai,mzwaule,Kenya
Croton megalocarpus,mkigara,Kenya
,Nyeki,Kenya
Mangifera indica,mango,Kenya
Mangifera indica,Maembe Grafted,Kenya
Persea americana,Ivakato,Kenya
araucaria,Alkeria,Kenya
adonidia,christmas palm,Kenya
Grevillea robusta,Mukima,Kenya
Azadirachta indica,Muharobaini,Kenya
,Thika palm,Kenya
,mumbe,Kenya
Annona muricata,Matomoko,Kenya
,Makundi,Kenya
,Muti muyo,Kenya
Croton megalocarpus,Kithulu,Kenya
Carica papaya,pawpaw,Kenya
,Hibiscus,Kenya
Tamarindus indica,termarind,Kenya
Croton megalocarpus,croton,Kenya
,Golden Palm,Kenya
,Croton ilaa,Kenya
,kithoothya,Kenya
,passion tree,Kenya
,Ashok,Kenya
Citrus limon,Itimo,Kenya
Mangifera indica,Iembe,Kenya
,Makundi,Kenya
Citrus limon,Mitimo,Kenya
Grevillea robusta,gluveria,Kenya
Mangifera indica,Maembe,Kenya
Persea americana,Ivakato,Kenya
Grevillea robusta,Gravellia,Kenya
Croton megalocarpus,mwindi nguku,Kenya
Prunus africana,Mngima,Kenya
Macamia,macamia,Kenya
Eucalyptus camaldulensis,eucalyptus,Kenya
,pixie,Kenya
,lucky bamboo,Kenya
,eucalyptus,Kenya
Neem,Muarobaini,Kenya
Moringa oleifera,muringa,Kenya
,improved senna,Kenya
Casuarina equisetifolia,,Kenya
,Australian grivilles,Kenya
Balanites aegyptiaca,,Kenya
,"iti
iti",Kenya
Citrus paradisi,,Kenya
,casolina,Kenya
,kamunyonyoo,Kenya
,Guavas,Kenya
,snake plant,Kenya
melia volkensii,mukau,Kenya
,Palm,Kenya
,Thika Palm,Kenya
,Pomegranate,Kenya
Grevillea robusta,Grevillea,Kenya
,Umbrella tree,Kenya
Azadirachta indica,Mwarubaini,Kenya
,Passion fruit,Kenya
Grevillea robusta,MUKIMA,Kenya
,Mukengengeta,Kenya
Mangifera indica,mango,Kenya
Azadirachta indica,neem,Kenya
,umbrella tree,Kenya
,tarmarind,Kenya
,melia,Kenya
,Cyprus,Kenya
,grivellia,Kenya
,mchora,Kenya
,mulului,Kenya
,bluegum,Kenya
,lucena,Kenya
Azadirachta indica,neem,Kenya
Mangifera indica,mango,Kenya
,lemon,Kenya
,kitomoko,Kenya
Citrus paradisi,kitimu,Kenya
gluvelia,Gluvelia,Kenya
,mchora,Kenya
,passion,Kenya
papaya,kipapai,Kenya
,muthulu,Kenya
Mangifera indica,kiembe,Kenya
,muchora,Kenya
,kitomoko,Kenya
,kitomoko,Kenya
,kipera,Kenya
,kisambalau,Kenya
,Christmas tree,Kenya
,Kirumbutu,Kenya
,Ashock,Kenya
,Mlezeni,Kenya
Azadirachta indica,Mwarubaini,Kenya
,Mwora,Kenya
,Paper Tree,Kenya
,Mfuranje,Kenya
,Mkunju,Kenya
,Cassia,Kenya
,Trichillia,Kenya
,Macamia,Kenya
,Whiteoak,Kenya
,Kasorina,Kenya
Croton megalocarpus,Croton,Kenya
,Mkrismas,Kenya
,Passion tree,Kenya
,Pomegranate,Kenya
,Mzambarao,Kenya
,Sour soap,Kenya
,Korosho,Kenya
,Lemon Tree,Kenya
,Ashock,Kenya
,Mkungu,Kenya
,Grevalia,Kenya
,Shirom tree,Kenya
,Passion tree,Kenya
,Avocado,Kenya
,Mwarobaini,Kenya
,Mlezeni,Kenya
,Delonix Regia,Kenya
,Croton,Kenya
,Bamboo,Kenya
,Mkungo,Kenya
,Trichilia rok,Kenya
,Melia borea,Kenya
,Baobab tree,Kenya
,Japonica,Kenya
,Candlenut,Kenya
,Pogem,Kenya
calophyllum inophyllum,Tamanu,Kenya
,Kiembe,Kenya
,kivavai,Kenya
,mkode,Kenya
,croton,Kenya
,mlezeni,Kenya
Croton megalocarpus,kithulu,Kenya
,Mlezeni,Kenya
,mchemeri,Kenya
Melia Volkensi,Mukau,Kenya
,Mkrismas,Kenya
Mangifera indica,Mango,Kenya
,Pixie Oranges,Kenya
,Lemon,Kenya
,Bamboo,Kenya
,Ashok,Kenya
,dragon fruit,Kenya
,iribongo,Kenya
,iti ya wasi,Kenya
,Mkuyu,Kenya
,muthakwa,Kenya
,lemon,Kenya
,alkaria,Kenya
,miangi,Kenya
Persea americana,avocado,Kenya
,orange pixes,Kenya
,pawpaw,Kenya
,moringa,Kenya
Annona muricata,"itomoko

Kitomoko

kitomoko",Kenya
"MELIA 

Melia Volkensi",Mukau,Kenya
Azadirachta indica,Muarobaini,Kenya
Tamarindus indica,Kikwasu,Kenya
,Kamonica,Kenya
Mangifera indica,Maembe,Kenya
,Gravilian Paper,Kenya
Neem,Muarobaini,Kenya
,giant Bamboo,Kenya
Citrus limon,Itimo,Kenya
,Mukengeta,Kenya
Senna siemea,Muchola,Kenya
Citrus limon,Itimo,Kenya
Croton megalocarpus,,Kenya
,mumbaaume,Kenya
,moringa,Kenya
,Christmas tree,Kenya
,avocado,Kenya
,matomoko,Kenya
,umbrella,Kenya
Cassia sieberiana,,Kenya
,wangari mathai,Kenya
,neem mwarobaini,Kenya
,thika palm,Kenya
Balanites aegyptiaca,kilului,Kenya
Pinus patula,,Kenya
Acacia robusta,kilas,Kenya
,cypress,Kenya
,Grivelia,Kenya
Tamarindus indica,Kikwasu,Kenya
senna siamea,Mukengeta,Kenya
Tamarindus indica,Kikwasu,Kenya
Croton megalocarpus,Kithulu,Kenya
papaya,Ivavai,Kenya
Citrus limon,Itimo,Kenya
Mangifera indica,Muembe,Kenya
Melia Volkensi,Mukau,Kenya
,mukirismas,Kenya
,Munina,Kenya
Tamarindus indica,Kikwasu,Kenya
Senna siamea,Mlezeni,Kenya
Syzygium germainii,Zambarau,Kenya
,"Mungu
Mukungu",Kenya
Senna singueana,Muchola,Kenya
,makundi,Kenya
Carica papaya,Ivavai,Kenya
Senna spectabilis,Muchola,Kenya
,gluvelia,Kenya
Acacia tortillis,Mwaa,Kenya
Croton megalocarpus,Kithulu,Kenya
Tamarindus indica,Mikwasu,Kenya
Azadirachta indica,Muarobaini,Kenya
Citrus limon,Mutimu,Kenya
Acacia mellifera,Muthiia,Kenya
Acacia laeta,Munina,Kenya
,Gluvelia,Kenya
,Sienna Siamea,Kenya
,Tamarindus,Kenya
,Moringa,Kenya
,Mukengeta,Kenya
,kiembe,Kenya
,musanduku,Kenya
Croton megalocarpus,croton,Kenya
Syzygium germainii,zambarau mwitu,Kenya
Croton megalocarpus,croton,Kenya
Agenia vasinika,mulungu,Kenya
Markhamia lutea,makamia,Kenya
Avocado tree,avacado tree,Kenya
Grevillea robusta,grevilia,Kenya
,Mzizi,Kenya
,Pine,Kenya
Croton megalocarpus,Croton,Kenya
,wapugha,Kenya
,Mkongo,Kenya
,Podo,Kenya
,Cypress,Kenya
,Eucalyptus,Kenya
,Mzambangala,Kenya
,Ashok,Kenya
,avocado,Kenya
,kithulu,Kenya
,muselesele,Kenya
,umbrella tree,Kenya
,thambalau,Kenya
,mwarobaini,Kenya
,thika palm,Kenya
,avocado,Kenya
Ficus sur,mvumu,Kenya
,Bamboo,Kenya
Mangifera indica,maembe,Kenya
Grevillea robusta,Grevillea,Kenya
,Mora,Kenya
Mangifera indica,Mango,Kenya
,Chamsidu,Kenya
,Msuruwache,Kenya
Prunus africana,Mngima,Kenya
,Lime,Kenya
,Kayaba,Kenya
Afrocapus usambarensis,,Kenya
Grevillea robusta,,Kenya
Jacaranda mimosifolia,Jacaranda,Kenya
,Cypress,Kenya
Eucalyptus saligna,,Kenya
Grevillea robusta,Grevilea,Kenya
,Avocado,Kenya
,Kisambalau,Kenya
,Syiembe,Kenya
,Mukengengeta,Kenya
,iti,Kenya
,yellow barks,Kenya
,orange trees,Kenya
,lemon,Kenya
,ovacado,Kenya
,passion,Kenya
,pawpaw,Kenya
,mpenda bure,Kenya
,umbrella tree,Kenya
,Gerivellia,Kenya
Unknown,makolovia,Kenya
Citrus limon,mutimu,Kenya
Unknown,Christmas tree,Kenya
,glecidia,Kenya
,kimwaa,Kenya
,moringa,Kenya
,mwarubaini,Kenya
,Christmas tree,Kenya
Tamarindus indica,kikwasu,Kenya
tarmerin,Mkwaju,Kenya
tarmerin,Mkwaju,Kenya
,Mkuyu,Kenya
,Moringa,Kenya
,Kirumbutu,Kenya
,Mbuyu,Kenya
Grevillea robusta,mgrivelia,Kenya
Carica papaya,ipapai,Kenya
Mangifera indica,maembe,Kenya
Unknown,avocado,Kenya
Citrus limon,matimu,Kenya
Grevillea robusta,mukima,Kenya
unknown,mwarobaini,Kenya
Grevillea robusta,mukima,Kenya
unknown,mapakato,Kenya
Unknown,avocado,Kenya
Grevillea robusta,Mukima,Kenya
melia volkensii,mukau,Kenya
Mangifera indica,maembe,Kenya
,Muarobaini,Kenya
syzgium cumin,Zambarau,Kenya
Acacia tortillis,Mwaa,Kenya
Tamarindus indica,Mukwasu,Kenya
Senna siemea,muchola,Kenya
Mangifera indica,Maembe,Kenya
,Jacaranda,Kenya
Grevillea robusta,Gluveria,Kenya
,Munina,Kenya
,Matomoko,Kenya
papaya,Ivavai,Kenya
,Ivakato,Kenya
Croton megalocarpus,Mithulu,Kenya
,Muthata,Kenya
,Muuku,Kenya
,Mukilifi,Kenya
Citrus limon,Ndimu,Kenya
,Ashok,Kenya
,Kikwasu,Kenya
Syzygium germainii,zambarau,Kenya
,Kiumbu,Kenya
,Mwarobaini,Kenya
,Lucina,Kenya
,Venessi,Kenya
Acacia tortillis,Mwaa,Kenya
Acacia gerrardii,,Kenya
Senna Siemea,Muchola,Kenya
Senna spectabilis,,Kenya
Acacia polyacantha,,Kenya
Tamarindus indica,Kikwasu,Kenya
Delonix regea,,Kenya
Cordia africana,,Kenya
olea africana,,Kenya
Balanites aegyptiaca,,Kenya
Azadirachta indica,,Kenya
,Neem,Kenya
,umbrella,Kenya
Carica papaya,Ivavai,Kenya
Citrus limon,Ndimu,Kenya
passiflora,passion tree,Kenya
,Mapera,Kenya
,Isandala tangerine,Kenya
Citrus sinensis,Machungwa,Kenya
,Avocado,Kenya
,Zambarau,Kenya
Syzygium germainii,zambarau,Kenya
Grevillea robusta,mukima,Kenya
Croton megalocarpus,muthulu,Kenya
Croton megalocarpus,Kithulu,Kenya
Sienna Siemea,Muchola,Kenya
Mangifera indica,Maembe,Kenya
Citrus limon,Itimo,Kenya
,Ndae,Kenya
,Muarobaini,Kenya
Grevillea robusta,mukima,Kenya
Citrus limon,mutimu,Kenya
Unknown,avocado,Kenya
guajava,mavela,Kenya
mangifera indica,maembe,Kenya
Mangifera indica,miembe,Kenya
Unknown,mwela ndathe,Kenya
Unknown,lucina,Kenya
Unknown,ivakato,Kenya
,muchora,Kenya
,mukau,Kenya
unknown,kalila,Kenya
Mangifera indica,miembe,Kenya
unknown,kitimu,Kenya
,papai,Kenya
,Mrimbo,Kenya
,Ndido,Kenya
,Croton,Kenya
,Wild bananas,Kenya
Prunus africana,Mngima,Kenya
,Musu,Kenya
,Msuruwache,Kenya
,Mrimbo,Kenya
Prunus africana,Mngima,Kenya
,Musu,Kenya
,Mora,Kenya
,Mwavwa,Kenya
,Mamasungu,Kenya
,Kahawa,Kenya
,Msuruwache,Kenya
,Ndido,Kenya
,Mrimbo,Kenya
900,Mngima,Kenya
,Msuruwache,Kenya
,Musu,Kenya
,Mrimbo,Kenya
Prunus africana,Mngima,Kenya
,Msuruwache,Kenya
,Mwafu,Kenya
,Musu,Kenya
,Mwavwa,Kenya
,Mnyanga,Kenya
,Ndido,Kenya
,Wild bananas,Kenya
,Avocado,Kenya
,Chokoti,Kenya
,White Supporter,Kenya
,South African Palm,Kenya
,Passion Fruit,Kenya
,pendant bure,Kenya
,avocado tree,Kenya
,Ashok,Kenya
,avocado,Kenya
,tomoko,Kenya
albizia gummifera,musuwachi,Kenya
Grevillea robusta,grevilia,Kenya
Prunus africana,mngima,Kenya
Croton megalocarpus,croton,Kenya
Grevillea robusta,Grevilia,Kenya
Prunus africana,Mngima,Kenya
Cypruss,msumbesu,Kenya
avacado,avocado,Kenya
comphor,camphor tree,Kenya
Prunus africana,Gravellia,Kenya
cypruss,msumbesu,Kenya
Avacado,Avacado,Kenya
Grevillea robusta,Grevilia,Kenya
Avacado,Avacado,Kenya
Mangifera indica,Mango nursery,Kenya
lucaene leucocephele,lucina,Kenya
yellow passion,yellow passion,Kenya
lemon,lemon,Kenya
pawpaw,pawpaw,Kenya
Grevillea robusta,Grevellia,Kenya
Grevillea robusta,Mukima,Kenya
,Kikolovia,Kenya
,Mukengeeta,Kenya
Grevillea robusta,Mukima,Kenya
Croton,Kithulu,Kenya
,Kitundu,Kenya
Citrus paradisi,Kitimo,Kenya
,Mukengeta,Kenya
,Apple,Kenya
Guava,Kivela,Kenya
,Kikolovia,Kenya
Grevillea robusta,Mukima,Kenya
,Musanduku,Kenya
,Kivavai,Kenya
,Kasolina,Kenya
,Farm tree,Kenya
,Mutalakwe,Kenya
,mghunga yellow barks,Kenya
,porozi,Kenya
,luseneka,Kenya
,Gerivellia,Kenya
,umbrella tree,Kenya
,mango trees,Kenya
,kikongori,Kenya
melia volkensii,kirumbutu,Kenya
,nandi frame,Kenya
,grevellea,Kenya
,jacaranda,Kenya
,mkweo,Kenya
,cadaulina,Kenya
,mukuyu,Kenya
,pine,Kenya
,msanduku,Kenya
,grevillea,Kenya
,mukengeta,Kenya
,avocado,Kenya
,mango,Kenya
,msanduku,Kenya
,grevillea,Kenya
,mukengeta,Kenya
,Australian grevillea,Kenya
,neem,Kenya
,Gruvelia,Kenya
,Lemon tress,Kenya
,Passion friut,Kenya
,Mukengeta,Kenya
,mango,Kenya
,gruevelia,Kenya
,muselesele,Kenya
,nzambalau,Kenya
,mangoes,Kenya
,lemon,Kenya
,mithii,Kenya
,muselele,Kenya
,muselele,Kenya
,lemon,Kenya
,lukewart,Kenya
,pawpaw,Kenya
,mukima,Kenya
,muriga,Kenya
,mukau,Kenya
,kithulu,Kenya
Citrus limon,matimu,Kenya
unknown,avocado,Kenya
Azadirachta indica,mwarubaini,Kenya
Acacia lahai,mzwaule,Kenya
senna siamea,mlezeni,Kenya
,Ashok,Kenya
,pixel,Kenya
,Apple,Kenya
Citrus sinensis,pixie,Kenya
Citrus limon,ndimu,Kenya
,avocado,Kenya
acacia melifera,iti,Kenya
senna siamea,mlezeni,Kenya
Acacia elatior,mghunga,Kenya
,Bamboo,Kenya
Mangifera indica,maembe,Kenya
,mora,Kenya
Croton megalocarpus,mnyadi,Kenya
Citrus limon,ndimu,Kenya
Ficus thonginii,mukuu,Kenya
Baobao tree,bambu,Kenya
,Mango tree,Kenya
Maesa borjacana,ndido,Kenya
,oranges,Kenya
,mkiju,Kenya
,mangoes,Kenya
Mangifera indica,Maembe,Kenya
Grevillea robusta,mukima,Kenya
unknown,maiu,Kenya
Ficus sycomorus,,Kenya
Carica papaya,mapapai,Kenya
,passion Tree,Kenya
Mangifera indica,maembe,Kenya
,bamboo,Kenya
,umbrella tree,Kenya
,kitomoko,Kenya
,ovacado,Kenya
,mkilifi,Kenya
,muthulu,Kenya
,mwarubaini,Kenya
,umbrella tree,Kenya
,mitimu,Kenya
,maembe,Kenya
,kikwasu,Kenya
,Ndende,Kenya
,kitomoko,Kenya
,kisambalau,Kenya
,ovacado,Kenya
,kisandala,Kenya
,Gerivellia,Kenya
,Cyprus,Kenya
,mango,Kenya
,avacado,Kenya
,croton,Kenya
,mango,Kenya
,iti,Kenya
,mtughu,Kenya
,porozi,Kenya
,kikongori,Kenya
,Lemon Tree,Kenya
,Lemon Tree,Kenya
,Lemon Tree,Kenya
Grevillea robusta,Grevilia,Kenya
albi,msuruwachi,Kenya
Syzygium germainii,zambarau mwitu,Kenya
Ficus sur,Mukuu,Kenya
maesa lansiolat,Ndido,Kenya
Prosopis africana,mngima,Kenya
macadamia,makadamia,Kenya
,mukengeta,Kenya
,muringa,Kenya
,muembe,Kenya
,kiembe,Kenya
,lemon,Kenya
,Kithulu,Kenya
,kiembe,Kenya
,mukengeta,Kenya
,kivakato,Kenya
,croton,Kenya
,gruevelia,Kenya
,mukweo,Kenya
,nzambalau,Kenya
,muringa,Kenya
,melia,Kenya
,kiatine,Kenya
,mukengeta,Kenya
,kivela,Kenya
,Nairobi tree,Kenya
,jacaranda,Kenya
,Christmas tree,Kenya
,lemon,Kenya
,casolina,Kenya
,lemon,Kenya
,mangoes,Kenya
,avocado,Kenya
,permagranate,Kenya
,guava,Kenya
,matomoko,Kenya
,ashock,Kenya
,mukengeta,Kenya
,aukeria,Kenya
,gruevelia,Kenya
,Meru oak,Kenya
,senna spectabilis,Kenya
,senna siamea,Kenya
,pine,Kenya
,cypress,Kenya
,Ashok,Kenya
,mwarubaini,Kenya
,Mjohoro,Kenya
,Ashok,Kenya
Unknown,kitimu,Kenya
unknown,zambarau,Kenya
,Mpenda Bure,Kenya
,Mjohoro,Kenya
,Gravelia,Kenya
Acacia tortillis,kimwaa,Kenya
senna siammea,mukyora,Kenya
Acacia mellifera,muthiya,Kenya
Casuarina equisetifolia,kashorina,Kenya
Croton megalocarpus,mutjuru,Kenya
Azadirachta indica,mwarobaini,Kenya
Citrus limon,matimu,Kenya
Ficus sycomorus,makuyu,Kenya
,pawpaw,Kenya
Mangifera indica,maembe,Kenya
Thunbergia usambarica,isavi,Kenya
Senna siamme,mukyora,Kenya
Acacia polyacantha,munina,Kenya
,Kiatine,Kenya
ashok,mululu,Kenya
,Matomoko,Kenya
,Melia,Kenya
,Muringa,Kenya
Grevillea robusta,Mukima,Kenya
,oranges,Kenya
,Mavela,Kenya
,Mumbaaume,Kenya
,Mjohoro,Kenya
,Muthi,Kenya
,Kithulu,Kenya
,Ndimu,Kenya
,Australian grevillea,Kenya
,Ndimu,Kenya
,pixes,Kenya
,mangoes,Kenya
,Mukweu,Kenya
,Musanduku,Kenya
,Ivakato,Kenya
,Mipera,Kenya
,Bishop,Kenya
,Mipera,Kenya
Acacia tortillis,Mwaa,Kenya
,Muloikena,Kenya
,apple,Kenya
,Kivela,Kenya
,Mango Tree,Kenya
,Kiuuku,Kenya
Carica papaya,mapapai,Kenya
,podo,Kenya
,Mukengengeta,Kenya
Grevillea robusta,Mukima,Kenya
,pixel,Kenya
Mangifera indica,Siembe,Kenya
Croton,Kithulu,Kenya
Neem tree,Mwarubaini,Kenya
,Christmas tree,Kenya
Grevillea robusta,Mukima,Kenya
Mangifera indica,maembe,Kenya
,avocado,Kenya
,Mwarobaini,Kenya
Croton,Kithulu,Kenya
,sandala,Kenya
,Kitimu,Kenya
,Mukengengeta,Kenya
,Mzabarau,Kenya
,Muringa,Kenya
Screw pod thorn,Ngwasu,Kenya
,oranges,Kenya
Guava,Kivela,Kenya
,Mpenda bura,Kenya
,Mpenda bura,Kenya
,neem,Kenya
,termarid,Kenya
,mkulumba,Kenya
Croton megalocarpus,Kithulu,Kenya
,Ashok,Kenya
,mchora,Kenya
,mango,Kenya
,mukengeta,Kenya
,mutomoko,Kenya
,mwela ndathe,Kenya
,kisaaya,Kenya
,Mpenda bura,Kenya
unknown,mapakato,Kenya
Carica papaya,pawpaw,Kenya
,lemon,Kenya
,Mipera,Kenya
,pixel,Kenya
,Croton,Kenya
,Mjohoro,Kenya
,mukengeta,Kenya
Mangifera indica,mango,Kenya
,tarmarind,Kenya
Citrus limon,ndimu,Kenya
Croton megalocarpus,muthuru,Kenya
,mivela,Kenya
,ash oak,Kenya
,kitomoko,Kenya
,michora,Kenya
,muthulu,Kenya
,ovacado,Kenya
,papai,Kenya
,mikau,Kenya
,kikundi,Kenya
,muthulu,Kenya
,papai,Kenya
,kisaaya,Kenya
,kipela,Kenya
,kikundi,Kenya
,kitimu,Kenya
,makungumanga,Kenya
Mangifera indica,miembe,Kenya
,kisambalau,Kenya
,mwarubaini,Kenya
,michora,Kenya
,Christmas tree,Kenya
,kiuuku,Kenya
,kitomoko,Kenya
Mangifera indica,muembe,Kenya
,muthulu,Kenya
,musambalau,Kenya
,moringa,Kenya
,mwarubaini,Kenya
,kitimu,Kenya
,kipapai,Kenya
,mukwasu,Kenya
,Christmas tree,Kenya
,kikundi,Kenya
,Mapera guava,Kenya
,lemon,Kenya
,mango,Kenya
,tamarind,Kenya
Carica papaya,pawpaw,Kenya
,ash oak,Kenya
,neem,Kenya
,umbrella tree,Kenya
,Eugenia,Kenya
,kiembe,Kenya
,Italian cypress,Kenya
Croton megalocarpus,Kithulu,Kenya
,GREEN DURANTA,Kenya
,Ashok,Kenya
,Paper tree,Kenya
,Indian almond,Kenya
,guava,Kenya
,Jacaranda,Kenya
,Neem tree,Kenya
,Thika palm,Kenya
,sour sop,Kenya
,Java plums,Kenya
,Maniola Orange,Kenya
,Washington orange,Kenya
,Pixie,Kenya
,Kent Mango,Kenya
,Apple Mango,Kenya
,Tommy Mango,Kenya
,Hass ovacado,Kenya
,Pomogrenate,Kenya
,Rosemary,Kenya
,Star pine,Kenya
,Acacia,Kenya
,Kirumbutu,Kenya
Azadirachta indica,Mwarubaini,Kenya
,Lusina,Kenya
,Umbrella tree,Kenya
,Lemon,Kenya
,Passion,Kenya
Trichilia emetica,,Kenya
Mangifera indica,mango,Kenya
,grivelia,Kenya
,avocado,Kenya
senna siamea,mukengeta,Kenya
,pawpaw,Kenya
,lemon,Kenya
,lemon,Kenya
,Mango,Kenya
,lemon,Kenya
,umbrella,Kenya
,Grivelia,Kenya
,pawpaw,Kenya
,Mango,Kenya
,lemon,Kenya
,Mukengeta,Kenya
,mlezeni,Kenya
,croton,Kenya
,mango,Kenya
,mwarubaini,Kenya
,mghunga,Kenya
,mshigha,Kenya
,iti,Kenya
macam,Macamia,Kenya
Kigelia africana,kiatine,Kenya
Tamarindus indica,kikwasu,Kenya
Croton megalocarpus,kithulu,Kenya
,mukuyu,Kenya
,Mukengeeta,Kenya
Grevillea robusta,gluvellia,Kenya
,kitundu,Kenya
citrus senesis,kisungwa,Kenya
,china morgan,Kenya
,munina,Kenya
,Mjohoro,Kenya
,kiembe,Kenya
,Guvelia,Kenya
,Avacado,Kenya
,Lemon,Kenya
,Muti muyo,Kenya
,pawpaw,Kenya
,mukengeta,Kenya
,mzabarau,Kenya
,kamuti ka iia,Kenya
,mutomoko,Kenya
,kiembe,Kenya
,Mukengeta,Kenya
,kitimu,Kenya
,Gruvelia,Kenya
,kiembe,Kenya
,kitoomoko,Kenya
,Kitimu,Kenya
,avacado,Kenya
,kitoomoko,Kenya
,mitimu,Kenya
,mwarubaini,Kenya
,munina,Kenya
Mangifera indica,miembe,Kenya
,lucina,Kenya
,Christmas tree,Kenya
,muthulu,Kenya
,mukungu,Kenya
,grecidia,Kenya
,avocado,Kenya
Mangifera indica,kiembe,Kenya
,kikwasu,Kenya
,mwarubaini,Kenya
,ash oak,Kenya
,muthulu,Kenya
,mukungu,Kenya
,mukorosho,Kenya
,kisambalau,Kenya
,kitimu,Kenya
,grecidia,Kenya
,kiamba,Kenya
,muchora,Kenya
,umbrella tree,Kenya
,lucina,Kenya
,mukau,Kenya
,mukima,Kenya
,mutoo,Kenya
,mulului,Kenya
,muu,Kenya
,ovacado,Kenya
,kiuuku,Kenya
,Thika palm,Kenya
,ash oak,Kenya
,aulkeria,Kenya
Unknown,cyprus,Kenya
,umbrella tree,Kenya
Mangifera indica,kiembe,Kenya
,kitimu,Kenya
,bible tree,Kenya
,mukima,Kenya
,mwarubaini,Kenya
,kipela,Kenya
,papai,Kenya
Syzygium germainii,zambarau,Kenya
,mukau,Kenya
,ovacado,Kenya
,muthulu,Kenya
,kisungwa,Kenya
,kisaaya,Kenya
,kalila,Kenya
Grevillea robusta,,Kenya
,mpenda bure,Kenya
,dakika tatu,Kenya
,kayaba,Kenya
,kasorina,Kenya
,kithulu,Kenya
,kikuyu,Kenya
,kitundu,Kenya
,kikweo,Kenya
,muketa,Kenya
,kitunda,Kenya
,mukengeta,Kenya
,kivela,Kenya
,kithambalau,Kenya
,Mwera,Kenya
,Ndido,Kenya
,Ngoviani,Kenya
,Mkwaju,Kenya
Grevillea robusta,,Kenya
,mpenda bure,Kenya
,dakika tatu,Kenya
,kayaba,Kenya
,kasorina,Kenya
,mango,Kenya
Grevillea robusta,,Kenya
,pixie,Kenya
,kitimu,Kenya
Memecylon klaineanum,Ndido,Kenya
,mango,Kenya
,neem,Kenya
,lemon,Kenya
,mchora,Kenya
,pawpaw,Kenya
,mutomoko,Kenya
,lucena,Kenya
,Christmas tree,Kenya
,passion,Kenya
,croton,Kenya
,dates,Kenya
,lemon,Kenya
,melia,Kenya
,Christmas tree,Kenya
,acacia,Kenya
,mutomoko,Kenya
,croton,Kenya
,neem,Kenya
,termarind,Kenya
,mango,Kenya
,ash oak,Kenya
,mukenea,Kenya
,guava,Kenya
,melia,Kenya
,mango,Kenya
,pawpaw,Kenya
,croton,Kenya
,moringa,Kenya
,munina,Kenya
,grevellea,Kenya
,bleu gum,Kenya
,pondo,Kenya
,avocado,Kenya
,lemon,Kenya
,pawpaw,Kenya
,grevillea,Kenya
,cypress,Kenya
,avocado,Kenya
,avocado grafted,Kenya
,citrus pixie,Kenya
,mukengeta,Kenya
,lemon,Kenya
,guava,Kenya
,bluegum,Kenya
,mukengeta,Kenya
,cypress,Kenya
,grevillea,Kenya
,avocado,Kenya
,mango,Kenya
,lemon,Kenya
,Mpenda bure,Kenya
,Booklet,Kenya
,kukumanga,Kenya
Ficus sur,mkuu,Kenya
key apple,mumbuchi,Kenya
Avacado,Avacado,Kenya
Prunus africana,Mngima,Kenya
Mpodo,Mpodo,Kenya
Msuruwachi,Msuruwachi,Kenya
Bush coffee,coffee,Kenya
Syzygium germainii,Zambarau mwitu,Kenya
cypruss,Cypruss,Kenya
Podocarpus henkelii,Podo,Kenya
Prunus africana,Grevilia,Kenya
Croton megalocarpus,croton,Kenya
Eucalyptus globulus,Eucalyptus,Kenya
makamia luteya,macamia,Kenya
Eucalyptus camaldulensis,musanduku,Kenya
Unknown,mapakato,Kenya
Grevillea robusta,Grivellia,Kenya
,Jamaican cherry,Kenya
Mangifera indica,muembe,Kenya
,kalila,Kenya
,muchora,Kenya
,kipela,Kenya
,muthiia,Kenya
,kikwasu,Kenya
,kitimu,Kenya
,kikuyu,Kenya
,papai,Kenya
,lucina,Kenya
,kikundi,Kenya
,mwarubaini,Kenya
Gluema korupensis,Gravelia,Kenya
,sandala,Kenya
,Kikuyu,Kenya
citrus raticulata,pixie,Kenya
citrus sinensis,oranges,Kenya
Citrus paradisi,mutimu,Kenya
,kithulu,Kenya
,kiatine,Kenya
,muthi,Kenya
,muringa,Kenya
,mukau,Kenya
,mukengeta,Kenya
,papaya,Kenya
,Karusina,Kenya
Acacia abyssinica,Acacia,Kenya
Grevillea robusta,Gluveria,Kenya
Croton megalocarpus,Kithulu,Kenya
Moringa oleifera,Moringa,Kenya
,cypress,Kenya
,muvengele,Kenya
,avocado,Kenya
,kivakato,Kenya
,mutalakwe,Kenya
,mndido,Kenya
albisium,mrimbo,Kenya
,white supporter,Kenya
,white supporter,Kenya
albisium,Mrimbo,Kenya
,Ndido,Kenya
,kithulu,Kenya
,Avocado,Kenya
,mwembe,Kenya
,avocado,Kenya
,Lemon seedlings,Kenya
,grevellia,Kenya
,Grafted avocado,Kenya
,beautification flowers,Kenya
,bluegum,Kenya
zamalos,,Kenya
sychotria,,Kenya
,msumbesu,Kenya
,mzambarau mwitu,Kenya
prunous africana,mgima,Kenya
,Ndido,Kenya
,Bambuu,Kenya
gravillea robusta,mgivilia,Kenya
Prunus africana,Mngima,Kenya
,msumbesu,Kenya
,Mtunda tindi,Kenya
,Mpera,Kenya
,Mlusu,Kenya
